title,company,location,date,link,image_url,image_filename
Sustainability Data Analyst,MillerKnoll,"Holland, MI",2 days ago,https://www.linkedin.com/jobs/view/sustainability-data-analyst-at-millerknoll-4320385802?position=1&pageNum=0&refId=i6OfmEfIsLXxg5S6Si37lg%3D%3D&trackingId=8LhZT3hEcUBunmk0vXbB5A%3D%3D,https://media.licdn.com/dms/image/v2/C4E0BAQFE4ARy_JL6og/company-logo_100_100/company-logo_100_100/0/1630654174459?e=2147483647&v=beta&t=EO3Ldg8Q-6mMyxaq_ZPAd_mr52WRuHvrpdkljJymtNY,MillerKnoll_Sustainability_Data_Analyst_0.jpg
Data Analyst,Stripe,"New York, United States",N/A,https://www.linkedin.com/jobs/view/data-analyst-at-stripe-4284064128?position=2&pageNum=0&refId=i6OfmEfIsLXxg5S6Si37lg%3D%3D&trackingId=8XxmQDOHZnf%2Bg0xjL%2F0dqg%3D%3D,https://media.licdn.com/dms/image/v2/D560BAQE2ZfJyfn-VCg/company-logo_100_100/B56ZlyKwpUKIAQ-/0/1758557047806/stripe_logo?e=2147483647&v=beta&t=fRMcaMGPJNFUMq_l1f2zzyX4PaK3yg-MRicyUuY3qSI,Stripe_Data_Analyst_1.jpg
Data Analyst,Stripe,United States,1 day ago,https://www.linkedin.com/jobs/view/data-analyst-at-stripe-4315186565?position=3&pageNum=0&refId=i6OfmEfIsLXxg5S6Si37lg%3D%3D&trackingId=5XAdE%2BENytadi%2FrNm3VkcA%3D%3D,https://media.licdn.com/dms/image/v2/D560BAQE2ZfJyfn-VCg/company-logo_100_100/B56ZlyKwpUKIAQ-/0/1758557047806/stripe_logo?e=2147483647&v=beta&t=fRMcaMGPJNFUMq_l1f2zzyX4PaK3yg-MRicyUuY3qSI,Stripe_Data_Analyst_2.jpg
Data Analyst,IMEG,"Black Hawk, IA",2 days ago,https://www.linkedin.com/jobs/view/data-analyst-at-imeg-4320457523?position=4&pageNum=0&refId=i6OfmEfIsLXxg5S6Si37lg%3D%3D&trackingId=fpynED2M%2FTL4V1rMTR3myw%3D%3D,https://media.licdn.com/dms/image/v2/C4E0BAQGNI8DZ07VSqg/company-logo_100_100/company-logo_100_100/0/1631311721724?e=2147483647&v=beta&t=Jpdb1H7oLZnxYvQ37c2pY9cvFxsvLwGcCawVoSQoEME,IMEG_Data_Analyst_3.jpg
Data Analyst,Stripe,"Seattle, WA",1 day ago,https://www.linkedin.com/jobs/view/data-analyst-at-stripe-4284059643?position=5&pageNum=0&refId=i6OfmEfIsLXxg5S6Si37lg%3D%3D&trackingId=Q77dnklqZjPNFom8ohF4cQ%3D%3D,https://media.licdn.com/dms/image/v2/D560BAQE2ZfJyfn-VCg/company-logo_100_100/B56ZlyKwpUKIAQ-/0/1758557047806/stripe_logo?e=2147483647&v=beta&t=fRMcaMGPJNFUMq_l1f2zzyX4PaK3yg-MRicyUuY3qSI,Stripe_Data_Analyst_4.jpg
Data Analyst,The Bridger Group,"Plainfield, NJ",2 days ago,https://www.linkedin.com/jobs/view/data-analyst-at-the-bridger-group-4334049026?position=6&pageNum=0&refId=i6OfmEfIsLXxg5S6Si37lg%3D%3D&trackingId=BjXWm%2FJ9nlUXOR%2FGxd%2BleA%3D%3D,https://media.licdn.com/dms/image/v2/C560BAQFWAuVBlnzJtA/company-logo_100_100/company-logo_100_100/0/1630650545380/the_bridger_group_logo?e=2147483647&v=beta&t=b4t_EWAdfkNzmTA5vnB9r227ocgG7PHZiG9G4IrJgTM,The_Bridger_Group_Data_Analyst_5.jpg
Data Analyst-Entry Level,Emonics LLC,"New York, United States",2 days ago,https://www.linkedin.com/jobs/view/data-analyst-entry-level-at-emonics-llc-4320673070?position=7&pageNum=0&refId=i6OfmEfIsLXxg5S6Si37lg%3D%3D&trackingId=GlNCdDg6mEmBndhGQQZ3iQ%3D%3D,https://media.licdn.com/dms/image/v2/D4D0BAQGXuMvXtEhsTg/company-logo_100_100/company-logo_100_100/0/1689151686539/emonics_logo?e=2147483647&v=beta&t=CqhHMB4glKw8TeRKBebzKKb1aa1F7WE27W4gJ58Hefo,Emonics_LLC_Data_Analyst-Entry_Level_6.jpg
Data Analyst,inSync Staffing,"Beaverton, OR",2 days ago,https://www.linkedin.com/jobs/view/data-analyst-at-insync-staffing-4320355180?position=8&pageNum=0&refId=i6OfmEfIsLXxg5S6Si37lg%3D%3D&trackingId=f3KQLDEJqcRpJhU6RTyy3Q%3D%3D,https://media.licdn.com/dms/image/v2/C4E0BAQG1aTmZCHJK0w/company-logo_100_100/company-logo_100_100/0/1631357194477?e=2147483647&v=beta&t=mZPDpQcZBwejmvHhvuDKPYRv33fgiZ1oosCha9C7Qrg,inSync_Staffing_Data_Analyst_7.jpg
Data Analyst,Phamily,United States,2 days ago,https://www.linkedin.com/jobs/view/data-analyst-at-phamily-4306773870?position=9&pageNum=0&refId=i6OfmEfIsLXxg5S6Si37lg%3D%3D&trackingId=5jXKwXH8Vto3Gxtbr6QviA%3D%3D,https://media.licdn.com/dms/image/v2/D4E0BAQG5iJ-ZvKR_aQ/company-logo_100_100/company-logo_100_100/0/1715113517559/jaan_health_logo?e=2147483647&v=beta&t=WTrShGLvUzp3nkSZLQyVX4zo1oCr0qZ344RXOgNnWPw,Phamily_Data_Analyst_8.jpg
Data Analyst,Tential Solutions,"Tysons Corner, VA",1 day ago,https://www.linkedin.com/jobs/view/data-analyst-at-tential-solutions-4334049395?position=10&pageNum=0&refId=i6OfmEfIsLXxg5S6Si37lg%3D%3D&trackingId=NEEi50d%2BUhUkf%2BBbVfK6GA%3D%3D,https://media.licdn.com/dms/image/v2/C560BAQHnOqVlYhs_Qw/company-logo_100_100/company-logo_100_100/0/1644376641769/tential_logo?e=2147483647&v=beta&t=tLR2_-MJSCJ-t7wxQHOc0f_1SC_Z5ryIvVxTPgkUqUc,Tential_Solutions_Data_Analyst_9.jpg
Business Data Analyst,hackajob,"New York, United States",1 day ago,https://www.linkedin.com/jobs/view/business-data-analyst-at-hackajob-4334295136?position=11&pageNum=0&refId=i6OfmEfIsLXxg5S6Si37lg%3D%3D&trackingId=J%2Bm5PcCGy%2FpXnVYBfdKJGw%3D%3D,https://media.licdn.com/dms/image/v2/D560BAQF6HYG6dvSK0Q/company-logo_100_100/company-logo_100_100/0/1683088716419/hackajob_logo?e=2147483647&v=beta&t=ZrLVrP8p4YgmECct6BRcAFp6DcEmFZGqFJoXL4JCKzA,hackajob_Business_Data_Analyst_10.jpg
Data Analyst,Associate Staffing,"San Diego, CA",2 days ago,https://www.linkedin.com/jobs/view/data-analyst-at-associate-staffing-4333982868?position=12&pageNum=0&refId=i6OfmEfIsLXxg5S6Si37lg%3D%3D&trackingId=I6bvfy6%2BtJRh0AO%2BiSUTkw%3D%3D,https://media.licdn.com/dms/image/v2/D4E0BAQEi6xeK_yCdmg/company-logo_100_100/company-logo_100_100/0/1738021979554/associate_staffing_llc_logo?e=2147483647&v=beta&t=TKlGHQBVk09b7XuHvsQ9shmt_YS2-8YN750KWiCbIi4,Associate_Staffing_Data_Analyst_11.jpg
Forecasting Analyst,Carters Inc.,"Atlanta, GA",2 days ago,https://www.linkedin.com/jobs/view/forecasting-analyst-at-carters-inc-4333858772?position=13&pageNum=0&refId=i6OfmEfIsLXxg5S6Si37lg%3D%3D&trackingId=7HPb9bPKkqtRrb%2FbwXVrlA%3D%3D,https://media.licdn.com/dms/image/v2/C560BAQGEtL-xqfQmWQ/company-logo_100_100/company-logo_100_100/0/1658431444026/carters_oshkosh_bgosh_logo?e=2147483647&v=beta&t=_DJ93ukoDMwNTGpoLDylYLh_jE2xFBjw8LG1iUeUNFQ,Carters_Inc_Forecasting_Analyst_12.jpg
Data Analyst,Insight Global,"Brentwood, TN",2 days ago,https://www.linkedin.com/jobs/view/data-analyst-at-insight-global-4320395122?position=14&pageNum=0&refId=i6OfmEfIsLXxg5S6Si37lg%3D%3D&trackingId=IO1GOTHVWqADNGVYC205AA%3D%3D,https://media.licdn.com/dms/image/v2/C560BAQGUNIyRZFaj0g/company-logo_100_100/company-logo_100_100/0/1657049194702/insight_global_logo?e=2147483647&v=beta&t=DgPf2KH2qEgV2aPJ2mFY1olLW0chPXs0DYd3jAp5tQ0,Insight_Global_Data_Analyst_13.jpg
Data Analyst,Numero Data,"Herndon, VA",3 days ago,https://www.linkedin.com/jobs/view/data-analyst-at-numero-data-4320464200?position=15&pageNum=0&refId=i6OfmEfIsLXxg5S6Si37lg%3D%3D&trackingId=mvjD1%2B%2Bv56f2D5lME059mA%3D%3D,https://media.licdn.com/dms/image/v2/C4D0BAQF6mtaTgaqL1w/company-logo_100_100/company-logo_100_100/0/1630473297242/numero_data_logo?e=2147483647&v=beta&t=r9rWpMf-1i7nzmF65X3qHBi2SVs_kGwvkxjiWfKpE_0,Numero_Data_Data_Analyst_14.jpg
Data Analyst,Corteva Agriscience,"Des Moines, IA",1 day ago,https://www.linkedin.com/jobs/view/data-analyst-at-corteva-agriscience-4337468325?position=16&pageNum=0&refId=i6OfmEfIsLXxg5S6Si37lg%3D%3D&trackingId=jRAaQfCvAzyY0W6SNdm4eA%3D%3D,https://media.licdn.com/dms/image/v2/C4D0BAQFKhO2f3-RNEA/company-logo_100_100/company-logo_100_100/0/1630548475463/corteva_logo?e=2147483647&v=beta&t=H-GKN2tKXkZR6cMd_C5ygE8qXuAWuI8DUU745-gKdHA,Corteva_Agriscience_Data_Analyst_15.jpg
Analyst - Data Analytics,American Express,"New York, NY",1 day ago,https://www.linkedin.com/jobs/view/analyst-data-analytics-at-american-express-4334251734?position=17&pageNum=0&refId=i6OfmEfIsLXxg5S6Si37lg%3D%3D&trackingId=sGXUiYS1SF2K%2BhxU60Ze5g%3D%3D,https://media.licdn.com/dms/image/v2/C4D0BAQGRhsociEn4gQ/company-logo_100_100/company-logo_100_100/0/1631367875582?e=2147483647&v=beta&t=bk_i8KnJwZyUrbBXvWK0NMb6W3nPq64rupEGTrKvxYU,American_Express_Analyst_-_Data_Analytics_16.jpg
"Data & Analytics, Junior Associate",Cadent,"New York, NY",2 days ago,https://www.linkedin.com/jobs/view/data-analytics-junior-associate-at-cadent-4333899367?position=18&pageNum=0&refId=i6OfmEfIsLXxg5S6Si37lg%3D%3D&trackingId=MsX3PR26dyhvjgIzWAIg4A%3D%3D,https://media.licdn.com/dms/image/v2/D4E0BAQGHD3IbmTSy6w/company-logo_100_100/B4EZZbcIuPHkAQ-/0/1745290824889/wearecadent_logo?e=2147483647&v=beta&t=FBISN4gAuUbqInlEhMDT1AAxwja7EEey1fdaSitYxaE,Cadent_Data__Analytics_Junior_Associate_17.jpg
Data Analyst,7N,"West Chester, PA",2 days ago,https://www.linkedin.com/jobs/view/data-analyst-at-7n-4333990050?position=19&pageNum=0&refId=i6OfmEfIsLXxg5S6Si37lg%3D%3D&trackingId=XgV%2Fx5ZDCpfSqq0px6Y6gA%3D%3D,https://media.licdn.com/dms/image/v2/D4D0BAQFcd2AampoXSg/company-logo_100_100/B4DZexT8bVHMAQ-/0/1751026485318/7n_logo?e=2147483647&v=beta&t=GFoDfI76hc7emdXkOfmnrNPBjpbuumm1Ux1JFL9sNsA,7N_Data_Analyst_18.jpg
Data Analyst,Blue Elephant Media,United States,2 days ago,https://www.linkedin.com/jobs/view/data-analyst-at-blue-elephant-media-4320474813?position=20&pageNum=0&refId=i6OfmEfIsLXxg5S6Si37lg%3D%3D&trackingId=T2%2BvtlaYt%2BuX8iitgONk5A%3D%3D,https://media.licdn.com/dms/image/v2/D560BAQHTnC8XPsHImQ/company-logo_100_100/company-logo_100_100/0/1732298336339/blue_elephant_media_agency_logo?e=2147483647&v=beta&t=i8xsqHMIF39DDv1ByG1H_RL5hZhOkCUlxN9nJWextyY,Blue_Elephant_Media_Data_Analyst_19.jpg
Business Intelligence Analyst,Pandora,"New York, NY",N/A,https://www.linkedin.com/jobs/view/business-intelligence-analyst-at-pandora-4305905519?position=21&pageNum=0&refId=i6OfmEfIsLXxg5S6Si37lg%3D%3D&trackingId=UVyWMmK9%2BbSxYIu6JBvWaA%3D%3D,https://media.licdn.com/dms/image/v2/D4D0BAQHxoCMspYYLbg/company-logo_100_100/B4DZVHEOb4HwAY-/0/1740654045317/pandora_a_s_logo?e=2147483647&v=beta&t=2BDi3cRGe8sq7t0fiIT-LByJ_Y-Mgpxf15ID1BpH-SI,Pandora_Business_Intelligence_Analyst_20.jpg
Production Planning Data Analyst,Oil-Dri Corporation of America,"Blue Mountain, MS",3 days ago,https://www.linkedin.com/jobs/view/production-planning-data-analyst-at-oil-dri-corporation-of-america-4320394193?position=22&pageNum=0&refId=i6OfmEfIsLXxg5S6Si37lg%3D%3D&trackingId=pSAsjkOVZg%2FOHvOCDT0z6g%3D%3D,https://media.licdn.com/dms/image/v2/C4E0BAQFTuRSDKOCWnA/company-logo_100_100/company-logo_100_100/0/1631303115338?e=2147483647&v=beta&t=WkyRr3OVeMTPxUeovMJo1OZWZZCPo9uNBVuo0l57xYk,Oil-Dri_Corporation_of_America_Production_Planning_Data_Analyst_21.jpg
Principal Data Analyst,Houston-Galveston Area Council,"Houston, TX",3 days ago,https://www.linkedin.com/jobs/view/principal-data-analyst-at-houston-galveston-area-council-4320374652?position=23&pageNum=0&refId=i6OfmEfIsLXxg5S6Si37lg%3D%3D&trackingId=FFBbOA7VuuLB1yyvu%2BrCqA%3D%3D,https://media.licdn.com/dms/image/v2/D560BAQH-1yc6bos_5A/company-logo_100_100/company-logo_100_100/0/1701375500156?e=2147483647&v=beta&t=yMMxpRCun9Gulhsku_CyRuTEO8r5h4Ql_PWFaSsVn4I,Houston-Galveston_Area_Council_Principal_Data_Analyst_22.jpg
Data Analyst,Nordic Global,United States,2 days ago,https://www.linkedin.com/jobs/view/data-analyst-at-nordic-global-4337434367?position=24&pageNum=0&refId=i6OfmEfIsLXxg5S6Si37lg%3D%3D&trackingId=vN2lpMMD2Mk1fh%2FWEmI7%2Bw%3D%3D,https://media.licdn.com/dms/image/v2/D560BAQHBvIapgkSALA/company-logo_100_100/B56ZUVZVHOHsAQ-/0/1739820716821/nordicglobal_logo?e=2147483647&v=beta&t=ilApJE7rK2PGuvcZ6CtDVmVfuKNBbCGdw8mObEMYRGg,Nordic_Global_Data_Analyst_23.jpg
Data Analyst,Insight Global,"Englewood, CO",2 days ago,https://www.linkedin.com/jobs/view/data-analyst-at-insight-global-4320773242?position=25&pageNum=0&refId=i6OfmEfIsLXxg5S6Si37lg%3D%3D&trackingId=mqhJ5Oz%2Ba%2Foun49WksLoTQ%3D%3D,https://media.licdn.com/dms/image/v2/C560BAQGUNIyRZFaj0g/company-logo_100_100/company-logo_100_100/0/1657049194702/insight_global_logo?e=2147483647&v=beta&t=DgPf2KH2qEgV2aPJ2mFY1olLW0chPXs0DYd3jAp5tQ0,Insight_Global_Data_Analyst_24.jpg
Data Analyst,Insight Global,"Englewood, CO",2 days ago,https://www.linkedin.com/jobs/view/data-analyst-at-insight-global-4320613266?position=26&pageNum=0&refId=i6OfmEfIsLXxg5S6Si37lg%3D%3D&trackingId=Civ3mZfI1H3co9GITF3g8g%3D%3D,https://media.licdn.com/dms/image/v2/C560BAQGUNIyRZFaj0g/company-logo_100_100/company-logo_100_100/0/1657049194702/insight_global_logo?e=2147483647&v=beta&t=DgPf2KH2qEgV2aPJ2mFY1olLW0chPXs0DYd3jAp5tQ0,Insight_Global_Data_Analyst_25.jpg
Data Analyst 4,Nike,"Beaverton, OR",2 days ago,https://www.linkedin.com/jobs/view/data-analyst-4-at-nike-4320436498?position=27&pageNum=0&refId=i6OfmEfIsLXxg5S6Si37lg%3D%3D&trackingId=%2BweLLfMzQF3GnfQNxxMnig%3D%3D,https://media.licdn.com/dms/image/v2/D560BAQHJk7IdfuV1Dw/company-logo_100_100/company-logo_100_100/0/1732131503851/nike_logo?e=2147483647&v=beta&t=qF7rqr8Es8BnExo0QJcZr_vvtzGkir2vjZAg4fcS9hY,Nike_Data_Analyst_4_26.jpg
Data Analyst,Wrapbook,United States,2 days ago,https://www.linkedin.com/jobs/view/data-analyst-at-wrapbook-4334052535?position=28&pageNum=0&refId=i6OfmEfIsLXxg5S6Si37lg%3D%3D&trackingId=Nx3TRR7seo0wAU0oqKXcNg%3D%3D,https://media.licdn.com/dms/image/v2/D4E0BAQF_Q3TPhNu16A/company-logo_100_100/company-logo_100_100/0/1687523701051/wrapbook_logo?e=2147483647&v=beta&t=Lvc-SiPLVwB3sGXAw1XRpJ1gzU7eE20pwMt0qo9gkew,Wrapbook_Data_Analyst_27.jpg
Data Analyst (AI),Licking County Chamber of Commerce,"Newark, OH",2 days ago,https://www.linkedin.com/jobs/view/data-analyst-ai-at-licking-county-chamber-of-commerce-4334034618?position=29&pageNum=0&refId=i6OfmEfIsLXxg5S6Si37lg%3D%3D&trackingId=A80kzB%2B3viwz%2F4cH0sdB8A%3D%3D,https://media.licdn.com/dms/image/v2/C4E0BAQFuKiLbhUKAxQ/company-logo_100_100/company-logo_100_100/0/1631363156476/licking_county_chamber_of_commerce_logo?e=2147483647&v=beta&t=uiYmqxnA4FbmAJgfKkow52vt17vpf_cIIfv0a-4yIpU,Licking_County_Chamber_of_Commerce_Data_Analyst_AI_28.jpg
Data Analyst,KKR Consulting,United States,N/A,https://www.linkedin.com/jobs/view/data-analyst-at-kkr-consulting-4320937200?position=30&pageNum=0&refId=i6OfmEfIsLXxg5S6Si37lg%3D%3D&trackingId=K5iamNbCN9Yo5MlkVE%2BXNg%3D%3D,https://media.licdn.com/dms/image/v2/D560BAQFU3m1ESno4_Q/company-logo_100_100/company-logo_100_100/0/1733767541005?e=2147483647&v=beta&t=q-6srqV1X_9m3cWgyraggWv_HsPHG1nYOm9Usszihgk,KKR_Consulting_Data_Analyst_29.jpg
Junior Data Analyst,ROSEN,"Columbus, OH",1 day ago,https://www.linkedin.com/jobs/view/junior-data-analyst-at-rosen-4334261865?position=31&pageNum=0&refId=i6OfmEfIsLXxg5S6Si37lg%3D%3D&trackingId=0%2F9lBQFe8jfG8hoAVR0mOg%3D%3D,https://media.licdn.com/dms/image/v2/D560BAQHoqmJenV7CDA/company-logo_100_100/company-logo_100_100/0/1714116244044/rosen_logo?e=2147483647&v=beta&t=i4BOelEaLlBsrZHuzBy8upSF25egwdglSxfjXaF-Iq0,ROSEN_Junior_Data_Analyst_30.jpg
Data Analyst Intern- Summer 2026,Stifel Financial Corp.,"St Louis, MO",2 days ago,https://www.linkedin.com/jobs/view/data-analyst-intern-summer-2026-at-stifel-financial-corp-4320487927?position=32&pageNum=0&refId=i6OfmEfIsLXxg5S6Si37lg%3D%3D&trackingId=lCMQ2CwuwZvRubpfL7kdag%3D%3D,https://media.licdn.com/dms/image/v2/D560BAQGhIjOt8bppOw/company-logo_100_100/B56Zk.MWqvHMAQ-/0/1757685050547/stifel_financial_corp__logo?e=2147483647&v=beta&t=iqtpbVF2bV_6o34BlnmT0Cj2S1xyGihBcl_Lthw8cNM,Stifel_Financial_Corp_Data_Analyst_Intern-_Summer_2026_31.jpg
HR Data Analyst,Lucid Services Group,"Indiana, United States",3 days ago,https://www.linkedin.com/jobs/view/hr-data-analyst-at-lucid-services-group-4333807997?position=33&pageNum=0&refId=i6OfmEfIsLXxg5S6Si37lg%3D%3D&trackingId=HmTOt2F5oUwwnb1WGDdooQ%3D%3D,https://media.licdn.com/dms/image/v2/C510BAQEdXduyNO9EIw/company-logo_100_100/company-logo_100_100/0/1631377262921?e=2147483647&v=beta&t=825MPlVi9vzPP9rI11VFclU9wkrSDpnqdoPtTakI4TM,Lucid_Services_Group_HR_Data_Analyst_32.jpg
Data Analyst,Jobs via Dice,"Smithfield, RI",2 days ago,https://www.linkedin.com/jobs/view/data-analyst-at-jobs-via-dice-4320535047?position=34&pageNum=0&refId=i6OfmEfIsLXxg5S6Si37lg%3D%3D&trackingId=8K9JgmKV7Obc1jAlk%2B4i1Q%3D%3D,https://media.licdn.com/dms/image/v2/D560BAQFwOT1y-MRTFQ/company-logo_100_100/B56ZVEKZkcHsAQ-/0/1740605332130/jobs_via_dice_logo?e=2147483647&v=beta&t=EZY1uMT7XQYYUs4UMQmbM_7Zi-p9IWZqJHT9xbNktRY,Jobs_via_Dice_Data_Analyst_33.jpg
Data Analyst - Sales & Marketing,eDynamic Learning,United States,2 days ago,https://www.linkedin.com/jobs/view/data-analyst-sales-marketing-at-edynamic-learning-4320555337?position=35&pageNum=0&refId=i6OfmEfIsLXxg5S6Si37lg%3D%3D&trackingId=nBHtn6uZF%2Fl85uNTAf1jsw%3D%3D,https://media.licdn.com/dms/image/v2/D4E0BAQFbArUwtL2BvQ/company-logo_100_100/company-logo_100_100/0/1713894468701/edynamiclearning_logo?e=2147483647&v=beta&t=gPqJ51aSKSXctoIVJq3Dv-1gRIdAbhtwBKhVPTJaaUM,eDynamic_Learning_Data_Analyst_-_Sales__Marketing_34.jpg
Data Analyst,Kforce Inc,"Smithfield, RI",2 days ago,https://www.linkedin.com/jobs/view/data-analyst-at-kforce-inc-4333913501?position=36&pageNum=0&refId=i6OfmEfIsLXxg5S6Si37lg%3D%3D&trackingId=D27VQCwWpTp3ELfD0my0yA%3D%3D,https://media.licdn.com/dms/image/v2/C4D0BAQEtonVHDHqAZQ/company-logo_100_100/company-logo_100_100/0/1639415775313/kforce_logo?e=2147483647&v=beta&t=NL8XuPikJ6Xfi1MKQk9TVePX6KdLB4m5KQFZdiHD8IA,Kforce_Inc_Data_Analyst_35.jpg
Marketing Data Analyst,The Lee Company,"Westbrook, CT",3 days ago,https://www.linkedin.com/jobs/view/marketing-data-analyst-at-the-lee-company-4333748266?position=37&pageNum=0&refId=i6OfmEfIsLXxg5S6Si37lg%3D%3D&trackingId=RRWdAapITpI00NXgwPP2SQ%3D%3D,https://media.licdn.com/dms/image/v2/D4E0BAQE2ysEX_MDxlw/company-logo_100_100/company-logo_100_100/0/1700171532625/the_lee_company_logo?e=2147483647&v=beta&t=po-6cwTxydu9N_qQSC9hRn36Mfj0btUxFoE89iX6-BA,The_Lee_Company_Marketing_Data_Analyst_36.jpg
Associate Data Analyst,DTE Energy,"Detroit, MI",1 day ago,https://www.linkedin.com/jobs/view/associate-data-analyst-at-dte-energy-4320725399?position=38&pageNum=0&refId=i6OfmEfIsLXxg5S6Si37lg%3D%3D&trackingId=NCthbW59SWvLhwFlIM%2Fs9A%3D%3D,https://media.licdn.com/dms/image/v2/D560BAQHvWrwImZ_s9g/company-logo_100_100/company-logo_100_100/0/1688056458141/dte_energy_logo?e=2147483647&v=beta&t=mvXibnUv6MzBGwJvhmIo2msSeZJukToIr2dezyZhplk,DTE_Energy_Associate_Data_Analyst_37.jpg
Data Analyst,Betr,"Miami, FL",N/A,https://www.linkedin.com/jobs/view/data-analyst-at-betr-4334388374?position=39&pageNum=0&refId=i6OfmEfIsLXxg5S6Si37lg%3D%3D&trackingId=YsLgNyOooJ%2BOmMLqOf0LVw%3D%3D,https://media.licdn.com/dms/image/v2/C4E0BAQEM2mLokX6oSA/company-logo_100_100/company-logo_100_100/0/1659891534890/betrhq_logo?e=2147483647&v=beta&t=9kWdyllUXPqt6rPPprERRNIz7FkhUw1JscHY3BkHHLQ,Betr_Data_Analyst_38.jpg
CRM & Data Analyst Trainee,Atlanta Braves,"Atlanta, GA",2 days ago,https://www.linkedin.com/jobs/view/crm-data-analyst-trainee-at-atlanta-braves-4320564387?position=40&pageNum=0&refId=i6OfmEfIsLXxg5S6Si37lg%3D%3D&trackingId=BX4mxJRSpWmU%2FycVeGRF1w%3D%3D,https://media.licdn.com/dms/image/v2/C4D0BAQHSGzJ-TIrUZQ/company-logo_100_100/company-logo_100_100/0/1630579657030/atlanta_braves_logo?e=2147483647&v=beta&t=aBTUUw27KOe9KrtP51ZEL97NRzpNRwZZfy9Iq_HnJZM,Atlanta_Braves_CRM__Data_Analyst_Trainee_39.jpg
Data Analyst-25-74227,cyberThink Inc,"Plano, TX",2 days ago,https://www.linkedin.com/jobs/view/data-analyst-25-74227-at-cyberthink-inc-4337327812?position=41&pageNum=0&refId=i6OfmEfIsLXxg5S6Si37lg%3D%3D&trackingId=cyn%2Fe26S26KatAIJCwJlfA%3D%3D,https://media.licdn.com/dms/image/v2/D560BAQFTzqSCIq4Vcw/company-logo_100_100/B56ZhVdZhzHMAU-/0/1753780427350/cyberthink_inc_logo?e=2147483647&v=beta&t=5kk7QAZvp6dVfwCI2qGyaFjYRtQll5LBFlfo-DOW2qk,cyberThink_Inc_Data_Analyst-25-74227_40.jpg
Data Analyst,Jobs via Dice,"Juno Beach, FL",2 days ago,https://www.linkedin.com/jobs/view/data-analyst-at-jobs-via-dice-4320632357?position=42&pageNum=0&refId=i6OfmEfIsLXxg5S6Si37lg%3D%3D&trackingId=P0Sn3MIgudezue6DdYc2dw%3D%3D,https://media.licdn.com/dms/image/v2/D560BAQFwOT1y-MRTFQ/company-logo_100_100/B56ZVEKZkcHsAQ-/0/1740605332130/jobs_via_dice_logo?e=2147483647&v=beta&t=EZY1uMT7XQYYUs4UMQmbM_7Zi-p9IWZqJHT9xbNktRY,Jobs_via_Dice_Data_Analyst_41.jpg
Marketing Data Analyst: 25-06587,"Akraya, Inc.","Menlo Park, CA",1 day ago,https://www.linkedin.com/jobs/view/marketing-data-analyst-25-06587-at-akraya-inc-4312237224?position=43&pageNum=0&refId=i6OfmEfIsLXxg5S6Si37lg%3D%3D&trackingId=gwYCDhM3j4QuFNPyh23vNw%3D%3D,https://media.licdn.com/dms/image/v2/C560BAQHvgNZ-eiCxhA/company-logo_100_100/company-logo_100_100/0/1657039456688/akraya_inc_logo?e=2147483647&v=beta&t=PiZqtIdZ7UXn7CXdM69NyMXqdp4FOa7gqOhqHJGQkzk,Akraya_Inc_Marketing_Data_Analyst_25-06587_42.jpg
Data Analyst,Joinrs,United States,N/A,https://www.linkedin.com/jobs/view/data-analyst-at-joinrs-4333825326?position=44&pageNum=0&refId=i6OfmEfIsLXxg5S6Si37lg%3D%3D&trackingId=IJoKD0DnKV49hjAaN4fevw%3D%3D,https://media.licdn.com/dms/image/v2/D4D0BAQFprpI9tmkwfA/company-logo_100_100/company-logo_100_100/0/1696490265118/joinrs_italia_logo?e=2147483647&v=beta&t=ibNOUGYzhH_7fohpZlVdbtXPJHJkPdm2EpLjMh5e3k0,Joinrs_Data_Analyst_43.jpg
"Manager, Data Science & Analytics",Zeta Global,"New York, United States",1 day ago,https://www.linkedin.com/jobs/view/manager-data-science-analytics-at-zeta-global-4320674011?position=45&pageNum=0&refId=i6OfmEfIsLXxg5S6Si37lg%3D%3D&trackingId=2oRYfJ2LlV%2FctLEOl7Je6Q%3D%3D,https://media.licdn.com/dms/image/v2/D560BAQGTJOVLCXcK2Q/company-logo_100_100/company-logo_100_100/0/1688167933799/zetaglobal_logo?e=2147483647&v=beta&t=-z5ENqF3rFnbqgxEPfLdRmI82IWaUyT76etcprS_2VU,Zeta_Global_Manager_Data_Science__Analytics_44.jpg
Analytics & Visualization Specialist,GP Fund Solutions,"Latham, NY",2 days ago,https://www.linkedin.com/jobs/view/analytics-visualization-specialist-at-gp-fund-solutions-4320387618?position=46&pageNum=0&refId=i6OfmEfIsLXxg5S6Si37lg%3D%3D&trackingId=xpMuHQW%2FdTgebRArFRIiDQ%3D%3D,https://media.licdn.com/dms/image/v2/C560BAQHgTOQWuFWKaw/company-logo_100_100/company-logo_100_100/0/1654549248827/gp_fund_solutions_llc_logo?e=2147483647&v=beta&t=auJKCFH8DJCWlhhu4i4RUnJSW44SqiYEu2nkkdbERws,GP_Fund_Solutions_Analytics__Visualization_Specialist_45.jpg
"Junior Tableau Analyst, Digital Experience",Savills North America,"Tampa, FL",3 days ago,https://www.linkedin.com/jobs/view/junior-tableau-analyst-digital-experience-at-savills-north-america-4333818364?position=47&pageNum=0&refId=i6OfmEfIsLXxg5S6Si37lg%3D%3D&trackingId=pOTvGBvjgKb%2BIheAfBlKwg%3D%3D,https://media.licdn.com/dms/image/v2/C560BAQEewhSSOXMg9w/company-logo_100_100/company-logo_100_100/0/1657209020449?e=2147483647&v=beta&t=0sbmE7oDLNtG9s0iORSt0sR4Jmx2T4dqKwgDQOY3SZo,Savills_North_America_Junior_Tableau_Analyst_Digital_Experience_46.jpg
Data Analyst,Helic & Co.,United States,N/A,https://www.linkedin.com/jobs/view/data-analyst-at-helic-co-4334540985?position=48&pageNum=0&refId=i6OfmEfIsLXxg5S6Si37lg%3D%3D&trackingId=tSNDmbghyTjnRC3pDHZlfg%3D%3D,https://media.licdn.com/dms/image/v2/D4E0BAQGBNZ-3rShTEw/company-logo_100_100/company-logo_100_100/0/1734174956627?e=2147483647&v=beta&t=yBKRJCP06tg-_JXcdL3oS8uaRy34EMTcNXRcbej4a04,Helic__Co_Data_Analyst_47.jpg
DATA ANALYST,The Home Depot,"Atlanta, GA",N/A,https://www.linkedin.com/jobs/view/data-analyst-at-the-home-depot-4320887982?position=49&pageNum=0&refId=i6OfmEfIsLXxg5S6Si37lg%3D%3D&trackingId=8rnNMBcq7qBYURvUhEnZnA%3D%3D,https://media.licdn.com/dms/image/v2/C4E0BAQHzR2llYqUBtg/company-logo_100_100/company-logo_100_100/0/1630656428961/the_home_depot_logo?e=2147483647&v=beta&t=EZjw3CxR9dQa_S8IcVWwrJLtZ7v0iwT8gQFC8QOkvJw,The_Home_Depot_DATA_ANALYST_48.jpg
Business Intelligence Analyst,Paramount+,"New York, NY",N/A,https://www.linkedin.com/jobs/view/business-intelligence-analyst-at-paramount%2B-4313086011?position=50&pageNum=0&refId=i6OfmEfIsLXxg5S6Si37lg%3D%3D&trackingId=0x8fQq26oQTBfdmxHF2%2BqA%3D%3D,https://media.licdn.com/dms/image/v2/C560BAQE5bSeR4MB9Pg/company-logo_100_100/company-logo_100_100/0/1657042469735/paramount_plus_logo?e=2147483647&v=beta&t=DG0-WF0JPW7LTqEiAdzmJZsfOLVx2_0SknjdEEPwOWU,Paramount_Business_Intelligence_Analyst_49.jpg
Data Analyst,Avanciers Inc.,"Richardson, TX",1 day ago,https://www.linkedin.com/jobs/view/data-analyst-at-avanciers-inc-4337468031?position=51&pageNum=0&refId=i6OfmEfIsLXxg5S6Si37lg%3D%3D&trackingId=82994XIyBSPCUeA%2Fy9NiAw%3D%3D,https://media.licdn.com/dms/image/v2/D560BAQHfUzFLphGG_A/company-logo_100_100/B56ZkYjZFPIAAY-/0/1757053555504/avanciers_inc_logo?e=2147483647&v=beta&t=-C4lPqK31DjmE5k9NV94-83kj6wN6Uo4nEaRbu_3J-g,Avanciers_Inc_Data_Analyst_50.jpg
Data Analyst Intern,Lensa,"Carlsbad, CA",2 days ago,https://www.linkedin.com/jobs/view/data-analyst-intern-at-lensa-4303947739?position=52&pageNum=0&refId=i6OfmEfIsLXxg5S6Si37lg%3D%3D&trackingId=kh2FpsjCMpl4efBdx%2BOeMQ%3D%3D,https://media.licdn.com/dms/image/v2/D4D0BAQEkHa-0Aki9XQ/company-logo_100_100/B4DZaKylu7GsAQ-/0/1746085240184/lensa_logo?e=2147483647&v=beta&t=vxuqQreX_wx1J2lugCeUKuGGZtbGyjhRRFeWyrBMnFQ,Lensa_Data_Analyst_Intern_51.jpg
Marketing Data Analyst,Peoples Bank,"Munster, IN",2 days ago,https://www.linkedin.com/jobs/view/marketing-data-analyst-at-peoples-bank-4320703539?position=53&pageNum=0&refId=i6OfmEfIsLXxg5S6Si37lg%3D%3D&trackingId=j7KYXfMSYBtgmffRq%2FOvvQ%3D%3D,https://media.licdn.com/dms/image/v2/C4D0BAQG41tnkyotf0Q/company-logo_100_100/company-logo_100_100/0/1634049326743/peoples_bank_logo?e=2147483647&v=beta&t=ystKcRKE-unwshq1vtRYj8b4zzyW6zmy5JXyRLxBSmg,Peoples_Bank_Marketing_Data_Analyst_52.jpg
Data Analyst,Mondo,"Philadelphia, PA",N/A,https://www.linkedin.com/jobs/view/data-analyst-at-mondo-4334600883?position=54&pageNum=0&refId=i6OfmEfIsLXxg5S6Si37lg%3D%3D&trackingId=7G0AUubmCozI94sq7%2FdXPw%3D%3D,https://media.licdn.com/dms/image/v2/D4E0BAQEmRdcKXQ1AgQ/company-logo_100_100/company-logo_100_100/0/1728332474750/mondo_logo?e=2147483647&v=beta&t=ivWUFMQkfoFAkzAn3bXvCrp9_IyFjkVoY7ibaqLkZ5o,Mondo_Data_Analyst_53.jpg
Business Data Analyst,MethodHub,"Mountain View, CA",1 day ago,https://www.linkedin.com/jobs/view/business-data-analyst-at-methodhub-4334218014?position=55&pageNum=0&refId=i6OfmEfIsLXxg5S6Si37lg%3D%3D&trackingId=FdAqKTTafq5kBeJ90Rz26g%3D%3D,https://media.licdn.com/dms/image/v2/D560BAQFzSMjI6T8LGw/company-logo_100_100/B56ZWABEv3HsAQ-/0/1741609520755/methodhubsoftware_logo?e=2147483647&v=beta&t=MkCtRZu648jepOdfFtuDHJf4HXV-KMOTREgddrCUqGk,MethodHub_Business_Data_Analyst_54.jpg
Data Analyst (Remote),Elder Research,"Arlington, VA",2 days ago,https://www.linkedin.com/jobs/view/data-analyst-remote-at-elder-research-4149345608?position=56&pageNum=0&refId=i6OfmEfIsLXxg5S6Si37lg%3D%3D&trackingId=mubIXLZ0rMKTKwc3tMm64Q%3D%3D,https://media.licdn.com/dms/image/v2/C4E0BAQGo1uXIb8eqEA/company-logo_100_100/company-logo_100_100/0/1630629938747/elder_research_inc_logo?e=2147483647&v=beta&t=qlPBkMcVShCVPpNO9WtPJ_ZRLmUwXuWi79kzhWz3DEE,Elder_Research_Data_Analyst_Remote_55.jpg
Merchandise Data Analyst,Randstad USA,"Newark, NJ",2 days ago,https://www.linkedin.com/jobs/view/merchandise-data-analyst-at-randstad-usa-4334110271?position=57&pageNum=0&refId=i6OfmEfIsLXxg5S6Si37lg%3D%3D&trackingId=jNFFVjOwi%2FPuvZSgmTf%2F6Q%3D%3D,https://media.licdn.com/dms/image/v2/D4E0BAQE_kI3zagZZ3w/company-logo_100_100/B4EZcxMLdxHkAg-/0/1748876966038/randstadusa_logo?e=2147483647&v=beta&t=DiFKThBnU_FgKTTodyb0Rx-BItGZJEFiUhY_Q0tIgLU,Randstad_USA_Merchandise_Data_Analyst_56.jpg
Data Analyst,Serigor Inc,"Arlington, VA",2 days ago,https://www.linkedin.com/jobs/view/data-analyst-at-serigor-inc-4334127566?position=58&pageNum=0&refId=i6OfmEfIsLXxg5S6Si37lg%3D%3D&trackingId=He10ttKbf2RuXu0NjKLFVw%3D%3D,https://media.licdn.com/dms/image/v2/C510BAQEA4Z53bk82LQ/company-logo_100_100/company-logo_100_100/0/1630583725594/serigor_inc_logo?e=2147483647&v=beta&t=JSkOVAQYeCWwXx6XKuvhewCXIk6JN_c1uRi771AdHp0,Serigor_Inc_Data_Analyst_57.jpg
Data & Analytics - Consultant,Avaap,United States,2 days ago,https://www.linkedin.com/jobs/view/data-analytics-consultant-at-avaap-4334000003?position=59&pageNum=0&refId=i6OfmEfIsLXxg5S6Si37lg%3D%3D&trackingId=5qmp50Oq%2B4zWxN1YR14NbQ%3D%3D,https://media.licdn.com/dms/image/v2/D560BAQFtK9qwMMzG9g/company-logo_100_100/B56ZdU_GW2GQAY-/0/1749477517124/avaap_logo?e=2147483647&v=beta&t=0nK0D9iTvxIGkYemiNzpSVlyxQBqXd40OaUuEgSq0UU,Avaap_Data__Analytics_-_Consultant_58.jpg
